id,category,ja_name,en_name,price,default_unlocked,render,image,art_prompt,tags
meadow,nature,ひるのまち,Meadow,0,true,procedural,,,
sunset,season,ゆうやけ,Sunset,0,true,procedural,,,
night,season,よぞら,Starry Night,80,false,procedural,,,
beach,sea,うみべ,Beach,120,false,procedural,,,
snow,season,ゆきやま,Snowland,120,false,procedural,,,
space,fantasy,うちゅう,Outer Space,160,false,procedural,,,
forest,nature,もり,Forest,0,true,image,bg_forest.png,Friendly green forest with rounded trees soft sunbeams a small path and gentle bushes calm and cozy,
flowerfield,nature,おはなばたけ,Flower Field,100,false,image,bg_flowerfield.png,Wide field full of colorful round flowers tulips and daisies under a clear blue sky soft pastel palette,
park,city,こうえん,Park,0,true,image,bg_park.png,Cheerful neighborhood park with green lawn a few trees a bench and a winding path bright friendly daytime,
town,city,まち,Town,100,false,image,bg_town.png,Cute small town street with simple rounded houses shops and trees clear blue sky tidy and friendly,
sakura,season,さくら,Cherry Blossoms,0,true,image,bg_sakura.png,Soft pink cherry blossom trees in full bloom with falling petals gentle spring sky calm and dreamy,
autumn,season,こうよう,Autumn Leaves,120,false,image,bg_autumn.png,Cozy autumn scene with red orange and yellow round trees falling leaves warm afternoon light,
underwater,sea,うみのなか,Under the Sea,140,false,image,bg_underwater.png,Soft underwater scene with friendly fish coral seaweed and bubbles gentle blue water rays of light,
rainbow,fantasy,にじ,Rainbow,0,true,image,bg_rainbow.png,Bright cheerful sky with a big soft rainbow fluffy white clouds and gentle sunlight playful and happy,
candyland,fantasy,おかしのくに,Candy Land,0,true,image,bg_candyland.png,Whimsical candy world with lollipop trees gumdrop hills and pastel candy clouds sweet and playful,
castle,fantasy,おしろ,Castle,160,false,image,bg_castle.png,Storybook fairytale castle on a green hill with soft towers flags and a clear blue sky gentle and magical,
farm,nature,ぼくじょう,Farm,100,false,image,bg_farm.png,Cheerful farm with a red barn rolling green hills a fence round haystacks and soft clouds,
aquarium,sea,すいぞくかん,Aquarium,120,false,image,bg_aquarium.png,Cozy aquarium tank with friendly fish a ray coral and bubbles soft blue water,
amusement,fantasy,ゆうえんち,Amusement Park,140,false,image,bg_amusement.png,Playful amusement park with a ferris wheel striped tent balloons and bunting bright happy sky,
boutique,fashion,ブティック,Boutique,200,false,image,bg_boutique.png,"Sleek high-end fashion boutique interior, racks, spotlights, marble floor",
sneakers,fashion,スニーカーショップ,Sneaker Shop,180,false,image,bg_sneakers.png,"Stylish sneaker store, illuminated shelves, streetwear, neon accents",
carshowroom,vehicle,カーショールーム,Car Showroom,280,false,image,bg_carshowroom.png,"Luxury car showroom, glass walls, sports car, glossy floor, night skyline",
racetrack,vehicle,サーキット,Race Track,220,false,image,bg_racetrack.png,"Motorsport pit lane, race car, garages, tire stacks, bright daytime",
concert,music,コンサート,Concert,240,false,image,bg_concert.png,"Concert stage from the audience, stage lights, screens, crowd silhouettes",
studio,music,スタジオ,Studio,200,false,image,bg_studio.png,"Recording studio, mixing console, mic, warm lighting, acoustic panels",
stadium,sports,スタジアム,Stadium,240,false,image,bg_stadium.png,"Soccer stadium from the stands, green pitch, floodlights, crowd",
gamingroom,tech,ゲーミングルーム,Gaming Room,220,false,image,bg_gamingroom.png,"Streamer gaming room at night, RGB lighting, monitors, sleek futuristic",
shibuya,city,しぶや,Shibuya,260,false,image,bg_shibuya.png,"Shibuya scramble at night, neon billboards, wet plaza reflections, cinematic",
paris,city,パリ,Paris,240,false,image,bg_paris.png,"Paris boulevard with the Eiffel Tower, warm evening light, iconic",
newyork,city,ニューヨーク,New York,260,false,image,bg_newyork.png,"NYC skyline with the Statue of Liberty, golden hour, grand",
london,city,ロンドン,London,240,false,image,bg_london.png,"London with Big Ben and a red double-decker bus, iconic",
basketball,sports,バスケアリーナ,Basketball Arena,220,false,image,bg_basketball.png,"Indoor basketball arena courtside, hoop, bright lights, crowd",
airport,travel,くうこうラウンジ,Airport Lounge,220,false,image,bg_airport.png,"Sleek airport lounge, windows over the tarmac, planes, warm light",
shibuyaday,city,しぶや(ひる),Shibuya Day,240,false,image,bg_shibuyaday.png,"Soft flat children's illustration of the Shibuya scramble crossing in bright daytime, rounded buildings and blank screen billboards on the sides, open pedestrian crossing in the center, cheerful pastel city, no text",city;japan;urban;daytime;modern;crossing;tone:cute-flat
spaceship,fantasy,うちゅうせんのなか,Spaceship,200,false,image,bg_spaceship.png,"Soft flat children's illustration of a cute friendly spaceship cabin interior, rounded pastel walls, glowing button consoles on the sides, a round window with a starry sky, open bright floor in the center, no text",space;scifi;interior;futuristic;cosmos;tone:cute-flat
earthspace,fantasy,うちゅうのちきゅう,Earth from Space,180,false,image,bg_earthspace.png,"Soft flat children's illustration of planet Earth seen from space, glowing blue-green Earth toward the lower side, deep blue-violet space with gentle stars and a small moon, soft bright center, dreamy and kid-friendly, no text",space;planet;earth;cosmos;dreamy;tone:cute-flat
cakeshop,food,ケーキやさん,Cake Shop,160,false,image,bg_cakeshop.png,"Soft flat children's illustration of a cozy cake pastry shop interior, glass display cases full of colorful cakes and cupcakes along the left and right, pastel walls and hanging lights, an open clean floor area in the lower center for a character, bright and cute, no people in the middle, no text or logos, 4:3 landscape",food;shop;sweets;pastry;indoor;job;tone:cute-flat
bakery,food,パンやさん,Bakery,150,false,image,bg_bakery.png,"Soft flat children's illustration of a warm friendly bakery interior, wooden shelves full of bread and pastries along the sides, baskets and a counter, soft pastel colors, an open clean floor in the lower center for a character, no people in the middle, no text or logos, 4:3 landscape",food;shop;bread;indoor;job;tone:cute-flat
flowershop,shop,おはなやさん,Flower Shop,150,false,image,bg_flowershop.png,"Soft flat children's illustration of a cheerful flower shop storefront, buckets of colorful flowers and potted plants framing the left and right, a striped awning on top, an open clear area in the lower center for a character, bright and cozy, no people in the middle, no text or logos, 4:3 landscape",shop;flowers;plants;indoor;job;tone:cute-flat
police,town,こうばん,Police Box,160,false,image,bg_police.png,"Soft flat children's illustration of a friendly Japanese police box (koban) with a small rounded patrol car parked to one side, a red lamp on top, a calm tidy street, an open sidewalk in the lower center for a character, bright pastel colors, no people in the middle, no text or logos, 4:3 landscape",town;japan;police;job;street;tone:cute-flat
firestation,town,しょうぼうしょ,Fire Station,170,false,image,bg_firestation.png,"Soft flat children's illustration of a cute fire station garage with a rounded red fire engine parked to one side, rolled hoses and helmets on the wall, an open clean apron floor in the lower center for a character, bright and friendly, no people in the middle, no text or logos, 4:3 landscape",town;fire;rescue;job;vehicle;tone:cute-flat
dinomuseum,museum,きょうりゅうはくぶつかん,Dinosaur Museum,190,false,image,bg_dinomuseum.png,"Soft flat children's illustration of a natural history museum hall with a big friendly dinosaur skeleton standing toward the back-left, glass display cases along the sides, a tall skylight, an open polished floor in the lower center for a character (skeleton not in the middle), bright and cozy, no people in the middle, no text or logos, 4:3 landscape",museum;dinosaur;science;learning;tone:cute-flat
trainstation,town,えきのホーム,Train Station,170,false,image,bg_trainstation.png,"Soft flat children's illustration of a bright train station platform with a rounded friendly shinkansen bullet train along one side, a platform roof and blank departure board (no text), an open platform area in the lower center for a character, cheerful pastel colors, no people in the middle, no text or logos, 4:3 landscape",town;train;shinkansen;travel;station;tone:cute-flat
toyshop,shop,おもちゃやさん,Toy Shop,160,false,image,bg_toyshop.png,"Soft flat children's illustration of a colorful toy shop interior, shelves of toys, balls and building blocks along the sides, balloons near the ceiling, an open clear floor in the lower center for a character, bright and playful, no people in the middle, no text or logos, 4:3 landscape",shop;toys;play;indoor;tone:cute-flat
soccerfield,sports,サッカーピッチ,Soccer Pitch,240,false,image,bg_soccerfield.png,"Photoreal cinematic 3D render of a floodlit professional soccer stadium pitch at dusk seen from the sideline, vivid green grass, a goal and packed stands toward the edges, dramatic stadium floodlights, the center of the pitch kept open, evenly lit and uncluttered for a character, no text or logos, 4:3 landscape",sports;soccer;stadium;outdoor;night;tone:semi-real-cinematic
blockworld,fantasy,ブロックのせかい,Block World,200,false,image,bg_blockworld.png,"Soft flat children's illustration of a playful voxel block-building world, colorful cube blocks forming grassy blocky hills and trees on the sides, bright blue sky with cube clouds, an open flat block plaza in the lower center for a character, cheerful and cute, no people in the middle, no text or logos, 4:3 landscape",fantasy;voxel;blocks;craft;game;tone:cute-flat
sciencelab,school,かがくラボ,Science Lab,190,false,image,bg_sciencelab.png,"Soft flat children's illustration of a friendly science laboratory, shelves of colorful bubbling beakers and flasks along the sides, charts and a periodic-style poster (no readable text) on the wall, a clean lab floor open in the lower center for a character, bright and safe-looking, no people in the middle, no text or logos, 4:3 landscape",school;science;lab;learning;tone:cute-flat
planetarium,space,プラネタリウム,Planetarium,240,false,image,bg_planetarium.png,"Photoreal cinematic render of the inside of a planetarium dome, a vast projected starry sky, glowing constellations and a soft milky-way band across the dome above, a softly glowing horizon line, the lower-center floor kept calm and mid-bright (not pitch black) and uncluttered for a character, no text or logos, 4:3 landscape",space;stars;dome;science;night;tone:semi-real-cinematic
ninjavillage,japan,にんじゃのさと,Ninja Village,190,false,image,bg_ninjavillage.png,"Soft flat children's illustration of a cute Japanese ninja village at dusk, rounded wooden houses with tiled rooftops and a small pagoda on the sides, paper lanterns and distant mountains, a warm orange sky, an open dirt path in the lower center for a character, friendly and adventurous, no people in the middle, no text or logos, 4:3 landscape",japan;ninja;village;dusk;tone:cute-flat
robotlab,tech,ロボットこうぼう,Robot Workshop,230,false,image,bg_robotlab.png,"Photoreal cinematic 3D render of a high-tech robotics workshop and maker space, friendly robots, mechanical arms and glowing monitor screens toward the sides, tools and parts on workbenches, cool blue-and-orange lighting, the center floor kept open, clear and mid-bright for a character, no text or logos, 4:3 landscape",tech;robot;workshop;maker;tone:semi-real-cinematic
artatelier,creative,おえかきアトリエ,Art Atelier,180,false,image,bg_artatelier.png,"Soft flat children's illustration of a cozy art atelier studio, easels with canvases, jars of brushes and tubes of paint along the sides, a big window with soft daylight, plants, an open wooden floor in the lower center for a character, warm and inviting, no people in the middle, no text or logos, 4:3 landscape",creative;art;studio;drawing;tone:cute-flat
musicstudio,music,おんがくスタジオ,Music Studio,240,false,image,bg_musicstudio.png,"Photoreal cinematic 3D render of a professional music recording studio, a glass vocal booth, a mixing console and studio microphones with warm amber lighting toward the sides, acoustic panels on the walls, the center kept open and mid-lit for a character, no text or logos, 4:3 landscape",music;studio;recording;tone:semi-real-cinematic
neoncafe,city,ネオンカフェ,Neon Cafe,260,false,image,bg_neoncafe.png,"Photoreal cinematic render of a stylish neon-lit cafe at night, glowing neon signs (no readable text), a counter, bar stools and leafy plants along the sides, a reflective floor, moody pink-and-teal lighting, the center kept open and mid-bright for a character, no text or logos, 4:3 landscape",city;cafe;neon;night;tone:semi-real-cinematic
arcade,city,ゲームセンター,Arcade,260,false,image,bg_arcade.png,"Photoreal cinematic render of a vibrant Japanese game arcade at night, rows of glowing arcade cabinets, claw machines and neon lights along the left and right, colorful reflections on the floor, an open walkway down the center kept clear and mid-bright for a character, no readable text or logos, 4:3 landscape",city;arcade;games;neon;night;tone:semi-real-cinematic
beachresort,travel,ビーチリゾート,Beach Resort,260,false,image,bg_beachresort.png,"Photoreal cinematic render of a tropical beach resort at golden hour, palm trees, beach umbrellas and a turquoise sea toward the sides, gentle waves and a warm glowing sky, an open stretch of soft sand in the lower center kept clear for a character, no text or logos, 4:3 landscape",travel;beach;tropical;resort;tone:semi-real-cinematic
skilodge,travel,スキーじょう,Ski Resort,250,false,image,bg_skilodge.png,"Photoreal cinematic render of a sunny ski resort slope, a cozy wooden lodge to one side, snow-covered pine trees and a chairlift on the edges, bright blue sky and sparkling snow, an open snowy foreground in the lower center kept clear for a character, no text or logos, 4:3 landscape",travel;snow;ski;winter;mountain;tone:semi-real-cinematic
summerfes,event,なつまつり,Summer Festival,200,false,image,bg_summerfes.png,"Soft flat children's illustration of a Japanese summer festival at dusk, rows of food stalls (yatai) with red paper lanterns glowing on the left and right, a warm twilight sky, an open festival path in the lower center for a character, cozy and cheerful, no people in the middle, no text or logos, 4:3 landscape",event;festival;japan;summer;night;tone:cute-flat
fireworks,event,はなびたいかい,Fireworks,240,false,image,bg_fireworks.png,"Photoreal cinematic render of a summer fireworks festival at night over a river, big colorful fireworks bursting across the upper sky, soft silhouettes of festival stalls and a bridge low on the sides, the center kept calmer with a gentle warm glow (not too dark) for a character, no text or logos, 4:3 landscape",event;fireworks;japan;summer;night;tone:semi-real-cinematic
xmasmarket,event,クリスマスマーケット,Christmas Market,240,false,image,bg_xmasmarket.png,"Photoreal cinematic render of a cozy European Christmas market in the evening, wooden stalls with warm string lights and a tall decorated tree toward the sides, gentle falling snow, a glowing festive atmosphere, an open square in the center kept clear and mid-bright for a character, no readable text or logos, 4:3 landscape",event;christmas;market;winter;night;tone:semi-real-cinematic
halloween,event,ハロウィンのよる,Halloween Night,200,false,image,bg_halloween.png,"Soft flat children's illustration of a friendly (not scary) Halloween night, cute smiling jack-o-lanterns, a little decorated house and a few round bats on the sides, a friendly purple twilight sky with a big round moon, an open path in the lower center for a character, playful and cozy, no people in the middle, no text or logos, 4:3 landscape",event;halloween;autumn;night;tone:cute-flat
shrine,japan,おしょうがつ,New Year Shrine,190,false,image,bg_shrine.png,"Soft flat children's illustration of a Japanese New Year shrine scene, a big red torii gate to one side, a shrine building, hanging lanterns and a few pink-and-white New Year decorations, a calm pale winter daytime sky, an open stone approach path (sando) in the lower center for a character, bright and festive, no people in the middle, no text or logos, 4:3 landscape",event;newyear;japan;shrine;winter;tone:cute-flat
voxelforest,fantasy,ボクセルのもり,Voxel Forest,200,false,image,bg_voxelforest.png,"Voxel art landscape, Minecraft-like blocky cubes, a lush cube forest with blocky trees, bushes and a small blocky pond on the sides, bright blue sky with cube clouds, a flat open grass-block plaza in the lower center for a character, vibrant primary colors, no text or logos, 4:3 landscape",fantasy;voxel;forest;nature;game;tone:voxel
voxeldesert,fantasy,ボクセルのさばく,Voxel Desert,200,false,image,bg_voxeldesert.png,"Voxel art landscape, Minecraft-like blocky cubes, a sandy cube desert with a blocky pyramid, cacti and dunes on the sides, warm sunny sky with cube clouds, a flat open sand-block area in the lower center for a character, vibrant colors, no text or logos, 4:3 landscape",fantasy;voxel;desert;nature;game;tone:voxel
voxelocean,fantasy,ボクセルのうみ,Voxel Ocean,200,false,image,bg_voxelocean.png,"Voxel art landscape, Minecraft-like blocky cubes, a bright cube ocean and beach, blocky turquoise water, palm trees and a little island on the sides, sunny sky with cube clouds, a flat open sand-block shore in the lower center for a character, vibrant colors, no text or logos, 4:3 landscape",fantasy;voxel;ocean;sea;nature;game;tone:voxel
voxelsnow,fantasy,ボクセルのゆきはら,Voxel Snowland,200,false,image,bg_voxelsnow.png,"Voxel art landscape, Minecraft-like blocky cubes, a snowy cube tundra with blocky snow-covered pine trees and an igloo on the sides, pale blue winter sky with cube clouds, a flat open snow-block area in the lower center for a character, vibrant cool colors, no text or logos, 4:3 landscape",fantasy;voxel;snow;winter;nature;game;tone:voxel
voxelvolcano,fantasy,ボクセルのかざん,Voxel Volcano,210,false,image,bg_voxelvolcano.png,"Voxel art landscape, Minecraft-like blocky cubes, a blocky volcano with glowing orange lava streams and dark rock on the sides, dramatic sky, a flat open stone-block area in the lower center kept mid-bright for a character (not too dark), vibrant colors, no text or logos, 4:3 landscape",fantasy;voxel;volcano;lava;nature;game;tone:voxel
voxelsky,fantasy,ボクセルのそらじま,Voxel Sky Islands,210,false,image,bg_voxelsky.png,"Voxel art landscape, Minecraft-like blocky cubes, floating cube sky islands with blocky waterfalls and trees on the sides, bright blue sky with cube clouds, a flat open grass-block floating platform in the lower center for a character, vibrant colors, no text or logos, 4:3 landscape",fantasy;voxel;sky;island;fantasy;game;tone:voxel
voxelplains,fantasy,ボクセルのそうげん,Voxel Plains,200,false,image,bg_voxelplains.png,"Voxel art landscape, Minecraft-like blocky cubes, EYE-LEVEL ground-level viewpoint with the horizon at eye level (NOT a bird's-eye or aerial shot), standing in grassy cube plains with blocky trees and gentle hills on the sides and in the distance, bright blue sky with cube clouds, a flat open grass-block clearing in the immediate foreground center for a character, vibrant primary colors, no text or logos, 4:3 landscape",fantasy;voxel;plains;nature;game;ground-level;tone:voxel
voxelvillage,fantasy,ボクセルのむら,Voxel Village,210,false,image,bg_voxelvillage.png,"Voxel art landscape, Minecraft-like blocky cubes, EYE-LEVEL ground-level viewpoint (NOT aerial), standing on a voxel village street, blocky wooden houses with lanterns and market stalls on the left and right, a blocky path leading ahead, bright sky with cube clouds, a flat open path-block area in the immediate foreground center for a character, vibrant colors, no text or logos, 4:3 landscape",fantasy;voxel;village;town;game;ground-level;tone:voxel
voxeljungle,fantasy,ボクセルのジャングル,Voxel Jungle,210,false,image,bg_voxeljungle.png,"Voxel art landscape, Minecraft-like blocky cubes, EYE-LEVEL ground-level viewpoint (NOT aerial), standing in a dense voxel jungle clearing, tall blocky trees, vines and ferns on the sides, soft shafts of light, a flat open dirt-block clearing in the immediate foreground center for a character, vibrant greens, no text or logos, 4:3 landscape",fantasy;voxel;jungle;nature;game;ground-level;tone:voxel
voxelcave,fantasy,ボクセルのどうくつ,Voxel Cave,210,false,image,bg_voxelcave.png,"Voxel art landscape, Minecraft-like blocky cubes, EYE-LEVEL ground-level viewpoint (NOT aerial), standing inside a voxel cave, blocky stone walls, glowing crystals and a warm torch on the sides giving light (keep the center mid-bright, NOT dark), a flat open stone-block floor in the immediate foreground center for a character, vibrant colors, no text or logos, 4:3 landscape",fantasy;voxel;cave;underground;game;ground-level;tone:voxel
voxelmountain,fantasy,ボクセルのやま,Voxel Mountain Trail,210,false,image,bg_voxelmountain.png,"Voxel art landscape, Minecraft-like blocky cubes, EYE-LEVEL ground-level viewpoint (NOT aerial), a voxel mountain trail, blocky rocky and snow-capped peaks rising ahead and on the sides, blocky pine trees, bright sky with cube clouds, a flat EMPTY open path-block area in the immediate foreground center (do NOT draw any person, character, avatar or figure there — leave the center completely empty), vibrant colors, no text or logos, 4:3 landscape",fantasy;voxel;mountain;nature;game;ground-level;tone:voxel
voxelwaterfall,fantasy,ボクセルのたき,Voxel Waterfall,210,false,image,bg_voxelwaterfall.png,"Voxel art landscape, Minecraft-like blocky cubes, EYE-LEVEL ground-level viewpoint (NOT aerial), a voxel waterfall and river, blocky cliffs with cascading cube water on the sides, lush green blocks and soft mist, a flat EMPTY open grass-block bank in the immediate foreground center (do NOT draw any person, character, avatar or figure there — leave the center completely empty), vibrant colors, no text or logos, 4:3 landscape",fantasy;voxel;waterfall;river;nature;game;ground-level;tone:voxel
voxellava,fantasy,ボクセルのようがん,Voxel Lava Field,220,false,image,bg_voxellava.png,"Voxel art landscape, Minecraft-like blocky cubes, EYE-LEVEL ground-level viewpoint (NOT aerial), a dramatic volcanic lava field, a huge erupting blocky volcano ahead spewing embers, glowing orange lava rivers and dark basalt cubes on the sides, dramatic smoky orange sky, a flat EMPTY open obsidian-stone-block area in the immediate foreground center kept mid-bright (do NOT draw any person, character or figure — leave the center empty), vibrant glowing colors, no text or logos, 4:3 landscape",fantasy;voxel;volcano;lava;dramatic;game;ground-level;tone:voxel
voxelcanyon,fantasy,ボクセルのだいきょうこく,Voxel Canyon,215,false,image,bg_voxelcanyon.png,"Voxel art landscape, Minecraft-like blocky cubes, EYE-LEVEL ground-level viewpoint (NOT aerial), a deep dramatic blocky canyon gorge, towering layered cube cliff walls rising on both sides, a river far below, a vast sense of scale, bright sky with cube clouds, a flat EMPTY open rock-block ledge in the immediate foreground center (do NOT draw any person, character or figure — leave the center empty), vibrant colors, no text or logos, 4:3 landscape",fantasy;voxel;canyon;dramatic;nature;game;ground-level;tone:voxel
voxelmesa,fantasy,ボクセルのあかいわ,Voxel Mesa,215,false,image,bg_voxelmesa.png,"Voxel art landscape, Minecraft-like blocky cubes, EYE-LEVEL ground-level viewpoint (NOT aerial), a dramatic red-rock badlands mesa, tall layered orange-and-red blocky cliffs and buttes on the sides and ahead, dry shrubs, warm dramatic sky, a flat EMPTY open sand-block area in the immediate foreground center (do NOT draw any person, character or figure — leave the center empty), vibrant warm colors, no text or logos, 4:3 landscape",fantasy;voxel;mesa;desert;dramatic;game;ground-level;tone:voxel
voxelglacier,fantasy,ボクセルのひょうが,Voxel Glacier,215,false,image,bg_voxelglacier.png,"Voxel art landscape, Minecraft-like blocky cubes, EYE-LEVEL ground-level viewpoint (NOT aerial), a dramatic blue glacier, towering cracked ice-block cliffs and frozen seracs on the sides, cold drifting mist, pale icy sky, a flat EMPTY open ice-block area in the immediate foreground center (do NOT draw any person, character or figure — leave the center empty), vibrant cool blues, no text or logos, 4:3 landscape",fantasy;voxel;glacier;ice;dramatic;game;ground-level;tone:voxel
voxelmushroom,fantasy,ボクセルのキノコもり,Voxel Mushroom Forest,220,false,image,bg_voxelmushroom.png,"Voxel art landscape, Minecraft-like blocky cubes, EYE-LEVEL ground-level viewpoint (NOT aerial), a surreal glowing voxel mushroom forest, giant blocky mushrooms with glowing caps and floating spores in pink, purple and teal on the sides, magical fantasy mood, a flat EMPTY open mycelium-block clearing in the immediate foreground center kept mid-bright (do NOT draw any person, character or figure — leave the center empty), vibrant glowing colors, no text or logos, 4:3 landscape",fantasy;voxel;mushroom;fantasy;glow;game;ground-level;tone:voxel
voxelstorm,fantasy,ボクセルのあらし,Voxel Storm Cliffs,220,false,image,bg_voxelstorm.png,"Voxel art landscape, Minecraft-like blocky cubes, EYE-LEVEL ground-level viewpoint (NOT aerial), a dramatic stormy clifftop, dark blocky storm clouds and distant lightning, windswept blocky cliffs and crashing cube waves on the sides, moody atmosphere but the center kept mid-bright, a flat EMPTY open stone-block area in the immediate foreground center (do NOT draw any person, character or figure — leave the center empty), dramatic colors, no text or logos, 4:3 landscape",fantasy;voxel;storm;sea;dramatic;game;ground-level;tone:voxel
dinovalley,fantasy,きょうりゅうのたに,Dinosaur Valley,200,false,image,bg_dinovalley.png,"Soft flat children's illustration of a sunny prehistoric valley, friendly cartoon dinosaurs (a long-neck and a stegosaurus) grazing far in the background near distant gentle volcanoes and giant ferns on the sides, a calm river, a flat EMPTY open grassy clearing in the foreground center left completely empty (do NOT draw any person, character or figure), bright cheerful colors, soft rounded shapes, no text or logos, 4:3 landscape",fantasy;dinosaur;nature;tone:cute-flat
tanabata,season,たなばた,Tanabata Festival,180,false,image,bg_tanabata.png,"Soft flat children's illustration of a Tanabata night festival, big bamboo branches decorated with colorful paper strips on the left and right, a glowing Milky Way and stars across the upper sky, paper lanterns near the edges, a flat EMPTY open ground area in the lower center left empty (do NOT draw any person or character), gentle indigo and warm pastel colors, soft rounded shapes, no text or logos, 4:3 landscape",season;japan;festival;night;tone:cute-flat
koinobori,season,こどものひ,Children's Day,180,false,image,bg_koinobori.png,"Soft flat children's illustration of a bright spring Children's Day scene, colorful carp streamers flying on poles to the sides against a clear blue sky, fresh green hills and a few iris flowers near the edges, a flat EMPTY open grassy area in the foreground center kept empty (do NOT draw any person or character), cheerful pastel colors, soft rounded shapes, no text or logos, 4:3 landscape",season;japan;spring;tone:cute-flat
hinamatsuri,season,ひなまつり,Hinamatsuri,180,false,image,bg_hinamatsuri.png,"Soft flat children's illustration of a cozy Hinamatsuri room, a tiered doll display with peach blossoms to the right side, paper screens and hanging mobiles on the left, warm tatami floor, a flat EMPTY open floor area in the lower center kept empty (do NOT draw any person or character besides the small dolls on the side shelf), soft pink and cream pastel colors, rounded shapes, no text or logos, 4:3 landscape",season;japan;indoor;tone:cute-flat
construction,vehicle,こうじげんば,Construction Site,200,false,image,bg_construction.png,"Soft flat children's illustration of a cheerful construction site, cartoon excavator, crane and dump truck parked to the left and right, traffic cones and a half-built colorful building in the background, a flat EMPTY open dirt ground area in the foreground center kept empty (do NOT draw any person or character), bright friendly colors, soft rounded shapes, no text or logos, 4:3 landscape",vehicle;work;machine;tone:cute-flat
harbor,vehicle,みなと,Harbor,200,false,image,bg_harbor.png,"Soft flat children's illustration of a sunny harbor port, colorful boats and a small ferry docked on the sides, seagulls, a lighthouse and crates near the edges, calm blue sea and sky, a flat EMPTY open pier deck area in the foreground center kept empty (do NOT draw any person or character), bright cheerful colors, soft rounded shapes, no text or logos, 4:3 landscape",vehicle;sea;boat;outdoor;tone:cute-flat
deepsea,nature,しんかい,Deep Sea,200,false,image,bg_deepsea.png,"Soft flat children's illustration of a gentle deep-sea scene, friendly glowing jellyfish, a cute anglerfish and bioluminescent plants drifting to the sides, soft beams of light from above, bubbles, a flat EMPTY open sandy seabed area in the foreground center kept empty (do NOT draw any person or character), calm blue and teal with soft glows, rounded shapes, not scary, no text or logos, 4:3 landscape",nature;sea;ocean;tone:cute-flat
coralreef,nature,さんごしょう,Coral Reef,200,false,image,bg_coralreef.png,"Soft flat children's illustration of a bright tropical coral reef, colorful corals, anemones and small tropical fish on the left and right, sun rays through clear turquoise water, a flat EMPTY open sandy patch in the foreground center kept empty (do NOT draw any person or character), vivid cheerful colors, soft rounded shapes, no text or logos, 4:3 landscape",nature;sea;ocean;tropical;tone:cute-flat
dragonpeak,fantasy,ドラゴンのやま,Dragon Peak,220,false,image,bg_dragonpeak.png,"Soft flat children's illustration of a fantasy mountain, a friendly cute cartoon dragon flying far in the sky to the upper right, jagged storybook peaks and floating crystals on the sides, soft clouds, a flat EMPTY open grassy plateau in the foreground center kept empty (do NOT draw any person or character on the ground), bright magical pastel colors, soft rounded shapes, no text or logos, 4:3 landscape",fantasy;dragon;mountain;tone:cute-flat
cloudcastle,fantasy,くものおしろ,Cloud Castle,220,false,image,bg_cloudcastle.png,"Soft flat children's illustration of a dreamy castle floating on fluffy clouds, pastel turrets and rainbows to the sides, hot-air balloons and birds in the sky, a flat EMPTY open cloud platform in the foreground center kept empty (do NOT draw any person or character), soft pink blue and cream pastel colors, rounded shapes, no text or logos, 4:3 landscape",fantasy;castle;sky;tone:cute-flat
pyramids,travel,ピラミッド,Pyramids of Egypt,240,false,image,bg_pyramids.png,"Photoreal cinematic 3D render of the Great Pyramids of Giza and the Sphinx at golden hour, vast desert dunes and a few palms toward the edges, dramatic warm sunlight and long shadows, a flat EMPTY open sand area in the foreground center kept empty and evenly lit (do NOT draw any person or character), rich warm colors, no text or logos, 4:3 landscape",travel;world;desert;tone:semi-real-cinematic
greatwall,travel,ばんりのちょうじょう,Great Wall,240,false,image,bg_greatwall.png,"Photoreal cinematic 3D render of the Great Wall of China winding over green mountain ridges at sunrise, watchtowers along the sides, soft morning mist in the valleys, a flat EMPTY open stone walkway area in the foreground center kept empty and evenly lit (do NOT draw any person or character), vivid natural colors, no text or logos, 4:3 landscape",travel;world;mountain;tone:semi-real-cinematic
aurora,nature,オーロラ,Aurora,240,false,image,bg_aurora.png,"Photoreal cinematic 3D render of a northern aurora over a snowy arctic landscape, vivid green and violet auroral curtains across the upper sky, snow-covered pines and distant mountains on the sides, a frozen lake, a flat EMPTY open snow area in the foreground center kept empty and mid-bright (do NOT draw any person or character), dramatic sky but the center not dark, no text or logos, 4:3 landscape",nature;sky;winter;tone:semi-real-cinematic
moonbase,space,つきのきち,Moon Base,260,false,image,bg_moonbase.png,"Photoreal cinematic 3D render of a futuristic moon base, sleek habitat domes and a parked rover to the sides, Earth rising in the black starry sky, grey lunar craters, a flat EMPTY open lunar surface area in the foreground center kept empty and evenly lit (do NOT draw any person or astronaut), clean sci-fi colors, no text or logos, 4:3 landscape",space;scifi;future;tone:semi-real-cinematic
savanna,nature,サバンナ,Savanna,240,false,image,bg_savanna.png,"Photoreal cinematic 3D render of an African savanna at golden hour, distant giraffes and elephants and acacia trees toward the edges and far background, warm grasslands stretching to the horizon, a flat EMPTY open grass area in the foreground center kept empty and evenly lit (do NOT draw any person or character; keep animals far on the sides), rich warm colors, no text or logos, 4:3 landscape",nature;animal;world;tone:semi-real-cinematic
nightsakura,season,よざくら,Night Sakura,240,false,image,bg_nightsakura.png,"Photoreal cinematic 3D render of an illuminated night cherry-blossom avenue, glowing sakura trees in full bloom arching along the left and right, warm lanterns and soft reflections on a path, a flat EMPTY open ground area in the foreground center kept empty and mid-bright (do NOT draw any person or character), dreamy pink and warm lights, the center not too dark, no text or logos, 4:3 landscape",season;japan;night;spring;tone:semi-real-cinematic
voxelcity,fantasy,ボクセルシティ,Voxel City,200,false,image,bg_voxelcity.png,"Voxel art landscape, Minecraft-like blocky cubes, a colorful cube city with blocky skyscrapers, houses and streets on the left and right, blue sky with cube clouds, a flat open block plaza in the lower center kept completely empty (do NOT draw any person, character or figure), vibrant primary colors, no text or logos, 4:3 landscape",fantasy;voxel;city;game;tone:voxel
voxelfarm,fantasy,ボクセルぼくじょう,Voxel Farm,200,false,image,bg_voxelfarm.png,"Voxel art landscape, Minecraft-like blocky cubes, a cheerful cube farm with blocky crop fields, a barn, hay bales and cube animals on the sides, blue sky with cube clouds, a flat open grass-block yard in the lower center kept completely empty (do NOT draw any person, character or figure), vibrant primary colors, no text or logos, 4:3 landscape",fantasy;voxel;farm;game;tone:voxel
voxelcastle,fantasy,ボクセルキャッスル,Voxel Castle,200,false,image,bg_voxelcastle.png,"Voxel art landscape, Minecraft-like blocky cubes, EYE-LEVEL ground-level viewpoint with the horizon at eye level (NOT aerial or bird's-eye), a grand cube castle with blocky towers and banners standing in the BACKGROUND, blocky walls and trees framing the left and right sides, blue sky with cube clouds, a large flat open stone-block courtyard filling the foreground center kept completely empty (do NOT draw any person, character or figure), vibrant primary colors, no text or logos, 4:3 landscape",fantasy;voxel;castle;game;tone:voxel
voxelautumn,fantasy,ボクセルこうよう,Voxel Autumn,200,false,image,bg_voxelautumn.png,"Voxel art landscape, Minecraft-like blocky cubes, a cozy autumn cube forest with orange and red blocky trees, falling leaf cubes and a small blocky pond on the sides, soft sky with cube clouds, a flat open grass-block clearing in the lower center kept completely empty (do NOT draw any person, character or figure), warm autumn colors, no text or logos, 4:3 landscape",fantasy;voxel;autumn;nature;game;tone:voxel
ghosthouse,fantasy,おばけやしき,Ghost House,200,false,image,bg_ghosthouse.png,"Soft flat children's illustration of a playful friendly cartoon haunted house at dusk, a wobbly crooked little mansion with glowing warm windows and a smiling jack-o'-lantern toward the background, round friendly smiling ghosts and a few cute bats floating on the left and right, spooky-but-cute bare trees, a low crooked fence and pumpkins near the edges, a big full moon and purple-to-orange twilight sky, a flat EMPTY open ground area in the foreground center kept empty and mid-bright (do NOT draw any person or character), cheerful not scary, soft rounded shapes, pastel purple and warm orange colors, no text or logos, 4:3 landscape",fantasy;halloween;ghost;night;tone:cute-flat
beetleforest,nature,カブトムシのもり,Beetle Forest,180,false,image,bg_beetleforest.png,"Soft flat children's illustration of a sunny summer woodland, cute cartoon rhinoceros beetle and stag beetle clinging to an oak tree trunk on the left, dripping tree sap, green leaves and a few acorns on the sides, dappled sunlight, a flat EMPTY open mossy ground area in the foreground center kept completely empty (do NOT draw any person, character or figure), bright cheerful greens, soft rounded shapes, no text or logos, 4:3 landscape",nature;insect;summer;tone:cute-flat
butterflygarden,nature,ちょうのにわ,Butterfly Garden,180,false,image,bg_butterflygarden.png,"Soft flat children's illustration of a bright flower garden, many colorful cartoon butterflies fluttering above blooming flowers on the left and right edges, gentle sunlight and a soft blue sky, a flat EMPTY open grassy path in the foreground center kept completely empty (do NOT draw any person, character or figure), cheerful pastel colors, soft rounded shapes, no text or logos, 4:3 landscape",nature;insect;flower;spring;tone:cute-flat
fireflynight,nature,ほたるのよる,Firefly Night,200,false,image,bg_fireflynight.png,"Soft flat children's illustration of a gentle summer evening by a river, glowing yellow-green fireflies floating among reeds and grass on the left and right banks, a calm stream reflecting soft light, deep blue twilight sky with a few stars, a flat EMPTY open grassy bank in the foreground center kept empty and mid-bright, not dark (do NOT draw any person, character or figure), calm soothing colors, soft rounded shapes, no text or logos, 4:3 landscape",nature;insect;summer;night;tone:cute-flat
dragonflypond,nature,とんぼのいけ,Dragonfly Pond,180,false,image,bg_dragonflypond.png,"Soft flat children's illustration of a calm late-summer pond, cute red dragonflies hovering over cattails and lily pads on the sides, a clear blue pond with gentle ripples, soft reeds and a few flowers at the edges, a flat EMPTY open grassy bank in the foreground center kept completely empty (do NOT draw any person, character or figure), bright fresh colors, soft rounded shapes, no text or logos, 4:3 landscape",nature;insect;autumn;water;tone:cute-flat
rainyhydrangea,season,あめとあじさい,Rainy Hydrangea,180,false,image,bg_rainyhydrangea.png,"Soft flat children's illustration of a gentle rainy-season scene, blooming blue and pink hydrangea bushes with a cute snail and a little frog on the left and right, soft falling raindrops and a colorful umbrella propped at the edge, a calm grey-blue sky, a flat EMPTY open wet stone path in the foreground center kept completely empty (do NOT draw any person, character or figure), soothing pastel colors, soft rounded shapes, no text or logos, 4:3 landscape",season;japan;rain;insect;tone:cute-flat
tsukimi,season,おつきみ,Moon Viewing,200,false,image,bg_tsukimi.png,"Soft flat children's illustration of an autumn moon-viewing night, a big bright full moon high in the sky, pampas grass (susuki) swaying and a small tray of round dango with a cute rabbit on the right edge, gentle hills in the background, a flat EMPTY open ground area in the foreground center kept empty and mid-bright, not dark (do NOT draw any person, character or figure besides the small side rabbit), warm indigo and cream pastel colors, soft rounded shapes, no text or logos, 4:3 landscape",season;japan;autumn;night;tone:cute-flat
setsubun,season,せつぶん,Setsubun,180,false,image,bg_setsubun.png,"Soft flat children's illustration of a cheerful Setsubun bean-throwing scene in a cozy room, a small wooden masu box of soybeans, scattered beans and a friendly cute (not scary) red oni demon mask on the side shelves, paper screens, warm tatami floor, a flat EMPTY open floor area in the lower center kept completely empty (do NOT draw any person or character), warm friendly colors, soft rounded shapes, no text or logos, 4:3 landscape",season;japan;event;indoor;tone:cute-flat
newyear,season,おしょうがつ,New Year,200,false,image,bg_newyear.png,"Soft flat children's illustration of a bright Japanese New Year morning, colorful kites flying in the sky, kagami-mochi rice cakes and a pine-and-plum kadomatsu decoration on the side edges, a soft sunrise (hatsuhinode) over distant gentle hills, a flat EMPTY open snowy ground area in the foreground center kept empty and mid-bright (do NOT draw any person or character), cheerful red gold and cream pastel colors, soft rounded shapes, no text or logos, 4:3 landscape",season;japan;event;tone:cute-flat
easter,season,イースター,Easter,180,false,image,bg_easter.png,"Soft flat children's illustration of a cheerful spring Easter meadow, colorfully painted decorated eggs in baskets and a cute bunny among tulips on the left and right, a soft blue sky with a few clouds, fresh green grass, a flat EMPTY open grassy area in the foreground center kept completely empty (do NOT draw any person or character besides the small side bunny), bright pastel colors, soft rounded shapes, no text or logos, 4:3 landscape",season;event;spring;tone:cute-flat
fairyforest,fantasy,ようせいのもり,Fairy Forest,220,false,image,bg_fairyforest.png,"Soft flat children's illustration of an enchanted fairy forest, softly glowing mushrooms, sparkles and tiny cute fairies among ferns and twisting trees on the left and right, gentle beams of light and floating lights, a flat EMPTY open mossy clearing in the foreground center kept completely empty (do NOT draw any person or character in the center), dreamy green teal and warm glow pastel colors, soft rounded shapes, no text or logos, 4:3 landscape",fantasy;forest;magic;tone:cute-flat
crystalcave,fantasy,クリスタルのどうくつ,Crystal Cave,220,false,image,bg_crystalcave.png,"Soft flat children's illustration of a magical crystal cave, big glowing pink purple and blue gem crystals growing from the walls and ceiling on the left and right, gentle sparkles and a small underground pool, soft glowing light, a flat EMPTY open rock floor area in the foreground center kept empty and mid-bright, not dark (do NOT draw any person or character), dreamy luminous pastel colors, soft rounded shapes, no text or logos, 4:3 landscape",fantasy;cave;magic;tone:cute-flat
piratecove,fantasy,かいぞくのいりえ,Pirate Cove,200,false,image,bg_piratecove.png,"Soft flat children's illustration of a cheerful pirate cove, a cute friendly cartoon pirate ship anchored to the left, an open treasure chest with gold and a palm tree and rocks on the right, a calm turquoise bay and blue sky, a flat EMPTY open sandy beach area in the foreground center kept completely empty (do NOT draw any person or character), bright adventurous colors, soft rounded shapes, no text or logos, 4:3 landscape",fantasy;pirate;sea;tone:cute-flat
treehouse,fantasy,ツリーハウス,Treehouse,200,false,image,bg_treehouse.png,"Soft flat children's illustration of a cozy forest treehouse village, cute wooden houses built in big trees with rope ladders and a little hanging bridge on the left and right, lanterns and leafy branches, gentle sunlight, a flat EMPTY open grassy clearing in the foreground center kept completely empty (do NOT draw any person or character), warm cheerful greens and browns, soft rounded shapes, no text or logos, 4:3 landscape",fantasy;nature;adventure;tone:cute-flat
hotairballoons,fantasy,ききゅうのそら,Hot Air Balloons,200,false,image,bg_hotairballoons.png,"Soft flat children's illustration of a bright hot-air balloon festival, many colorful balloons of different shapes floating across the upper sky and toward the side edges, soft fluffy clouds and a rainbow, gentle green hills below, a flat EMPTY open grassy hilltop in the foreground center kept completely empty (do NOT draw any person or character), cheerful pastel colors, soft rounded shapes, no text or logos, 4:3 landscape",fantasy;sky;festival;tone:cute-flat
bamboo,nature,たけやぶ,Bamboo Grove,180,false,image,bg_bamboo.png,"Soft flat children's illustration of a peaceful green bamboo grove, tall bamboo stalks framing the left and right, soft dappled sunlight (komorebi) filtering through leaves, a small stone lantern and ferns at the edges, a flat EMPTY open earthen path in the foreground center kept completely empty (do NOT draw any person or character), fresh calming greens, soft rounded shapes, no text or logos, 4:3 landscape",nature;japan;forest;tone:cute-flat
ricefield,nature,いなかのたんぼ,Countryside Rice Field,180,false,image,bg_ricefield.png,"Soft flat children's illustration of a sunny Japanese countryside, bright green rice paddies stretching to gentle distant mountains, a cute scarecrow and a small farmhouse and power poles toward the side edges, a clear summer sky with puffy clouds, a flat EMPTY open dirt path between paddies in the foreground center kept completely empty (do NOT draw any person or character), cheerful fresh greens and blue, soft rounded shapes, no text or logos, 4:3 landscape",nature;japan;summer;tone:cute-flat
icepalace,fantasy,こおりのきゅうでん,Ice Palace,240,false,image,bg_icepalace.png,"Soft flat children's illustration of a magical sparkling ice palace, glittering blue and white crystalline ice towers and arches on the left and right, gently falling snowflakes, soft aurora and stars in the sky, a flat EMPTY open polished ice floor in the foreground center kept empty and mid-bright, not dark (do NOT draw any person or character), dreamy icy blue and white pastel colors, soft rounded shapes, no text or logos, 4:3 landscape",fantasy;winter;castle;magic;tone:cute-flat
desertpalace,fantasy,まほうのさばく,Desert Palace,240,false,image,bg_desertpalace.png,"Soft flat children's illustration of a magical Arabian-night desert, a golden domed palace with onion-shaped domes and minarets on the right, soft sand dunes and palms on the left, a big crescent moon and twinkling stars and a glowing magic-lamp light, a flat EMPTY open sand area in the foreground center kept empty and mid-bright, not dark (do NOT draw any person or character), warm purple gold and indigo pastel colors, soft rounded shapes, no text or logos, 4:3 landscape",fantasy;desert;night;magic;tone:cute-flat
seakingdom,fantasy,うみのおうこく,Sea Kingdom,240,false,image,bg_seakingdom.png,"Soft flat children's illustration of a magical underwater sea kingdom, a pearly shell-and-coral palace with seashell spires glowing softly on the sides, gentle sun rays from above, friendly small fish and bubbles and treasure at the edges, a flat EMPTY open sandy seabed in the foreground center kept empty and mid-bright (do NOT draw any person, mermaid or character), dreamy teal aqua and pearl pastel colors, soft rounded shapes, no text or logos, 4:3 landscape",fantasy;sea;underwater;magic;tone:cute-flat
lionrock,nature,サンライズのいわ,Sunrise Rock,240,false,image,bg_lionrock.png,"Soft flat children's illustration of an African savanna at sunrise, a big dramatic rock promontory cliff rising on the right against a glowing orange and pink dawn sky, distant acacia trees and gentle silhouettes of giraffes far on the sides, warm grasslands, a flat EMPTY open grass area in the foreground center kept empty and mid-bright (do NOT draw any person or character), warm golden savanna colors, soft rounded shapes, no text or logos, 4:3 landscape",nature;savanna;animal;tone:cute-flat
toyroom,fantasy,おもちゃのへや,Toy Room,200,false,image,bg_toyroom.png,"Soft flat children's illustration of a cheerful kid's bedroom where toys come alive, a toy box, building blocks, toy cars, a rocket and stuffed animals lined up on the shelves and sides, a big window with warm light, a colorful rug, a flat EMPTY open floor area in the foreground center kept completely empty (do NOT draw any person or character), bright playful colors, soft rounded shapes, no text or logos, 4:3 landscape",fantasy;indoor;toy;tone:cute-flat
tropicalisland,nature,みなみのしま,Tropical Island,220,false,image,bg_tropicalisland.png,"Soft flat children's illustration of a lush tropical island, a green volcano and palm trees draped with tropical flowers on the sides, an outrigger canoe pulled up on the left, turquoise lagoon and gentle waves and a clear sky, a flat EMPTY open sandy beach in the foreground center kept completely empty (do NOT draw any person or character), vivid tropical colors, soft rounded shapes, no text or logos, 4:3 landscape",nature;island;sea;tropical;tone:cute-flat
ballroom,fantasy,まほうのぶとうかい,Magic Ballroom,240,false,image,bg_ballroom.png,"Soft flat children's illustration of a grand castle ballroom interior, sparkling golden chandeliers, tall arched windows and a sweeping staircase on the left and right, soft warm light and floating sparkles, a polished marble floor, a flat EMPTY open dance floor in the foreground center kept completely empty (do NOT draw any person or character), warm gold cream and soft blue pastel colors, soft rounded shapes, no text or logos, 4:3 landscape",fantasy;indoor;castle;tone:cute-flat
junglevines,nature,みどりのジャングル,Green Jungle,220,false,image,bg_junglevines.png,"Soft flat children's illustration of a lush green jungle, big leafy trees with hanging vines, a small mossy ancient stone ruin and a gentle waterfall on the left and right, exotic flowers and soft sunbeams, a flat EMPTY open clearing in the foreground center kept completely empty (do NOT draw any person, character or animal in the center), vivid lush greens, soft rounded shapes, no text or logos, 4:3 landscape",nature;jungle;adventure;tone:cute-flat
lanternnight,fantasy,そらとぶランタン,Lantern Night,240,false,image,bg_lanternnight.png,"Soft flat children's illustration of a magical night sky filled with hundreds of glowing floating paper lanterns rising over a calm lake, warm golden lights reflecting on the water, gentle hills on the sides, a soft starry sky, a flat EMPTY open lakeside ground in the foreground center kept empty and mid-bright, not dark (do NOT draw any person or character), warm gold and soft indigo pastel colors, soft rounded shapes, no text or logos, 4:3 landscape",fantasy;night;festival;magic;tone:cute-flat
library,fantasy,まほうのとしょかん,Magic Library,220,false,image,bg_library.png,"Soft flat children's illustration of a cozy magical library, towering wooden bookshelves full of colorful books with a rolling ladder on the left and right, tall arched windows with warm sunlight, floating sparkles and a globe, a flat EMPTY open floor area in the foreground center kept completely empty (do NOT draw any person or character), warm wood brown gold and cream colors, soft rounded shapes, no text or logos, 4:3 landscape",fantasy;indoor;book;tone:cute-flat
fairytalevillage,fantasy,おとぎのむら,Fairytale Village,220,false,image,bg_fairytalevillage.png,"Soft flat children's illustration of a charming old European fairytale village, cozy crooked half-timbered cottages with flower boxes, a stone well and a fountain on the left and right, rolling green hills and a distant castle, a clear sky, a flat EMPTY open cobblestone square in the foreground center kept completely empty (do NOT draw any person or character), warm storybook pastel colors, soft rounded shapes, no text or logos, 4:3 landscape",fantasy;village;town;tone:cute-flat
skyship,fantasy,そらとぶふね,Flying Ship,240,false,image,bg_skyship.png,"Soft flat children's illustration of a magical flying sailing ship adventure, a wooden tall-ship with billowing sails drifting among fluffy clouds on the right, a big moon and twinkling stars and a distant town far below, soft clouds on the sides, a flat EMPTY open fluffy cloud platform in the foreground center kept empty and mid-bright, not dark (do NOT draw any person or character), dreamy indigo gold and soft blue colors, soft rounded shapes, no text or logos, 4:3 landscape",fantasy;sky;adventure;night;tone:cute-flat
wonderland,fantasy,ふしぎのにわ,Wonderland Garden,220,false,image,bg_wonderland.png,"Soft flat children's illustration of a whimsical wonderland garden, oversized teacups and a teapot, giant colorful mushrooms, curvy topiary hedges and playing-card-shaped bushes and pocket-watch flowers on the left and right, a winding checkered path and a soft pastel sky, a flat EMPTY open grassy area in the foreground center kept completely empty (do NOT draw any person or character), playful pastel colors, soft rounded shapes, no text or logos, 4:3 landscape",fantasy;garden;surreal;tone:cute-flat
flowertower,fantasy,はなのとう,Flower Tower,220,false,image,bg_flowertower.png,"Soft flat children's illustration of a tall slender stone tower covered in climbing flowers and ivy standing among a green meadow, the tower set to the left with a small arched window, blooming wildflowers and butterflies and gentle hills on the sides, a soft sunny sky, a flat EMPTY open grassy area in the foreground center kept completely empty (do NOT draw any person or character), bright cheerful pastel colors, soft rounded shapes, no text or logos, 4:3 landscape",fantasy;tower;nature;magic;tone:cute-flat
buildsite,vehicle,こうじげんば,Construction Site,200,false,image,bg_buildsite.png,"Soft flat children's illustration of a busy construction site, dynamic energetic composition with bold diagonal lines, dramatic sweeping perspective and a strong sense of motion and action happening on the sides and in the sky, dramatic dynamic lighting, a yellow excavator swinging its arm and a tall crane lifting a beam and a dump truck tilting up on the left and right, flying dust and motion lines, a clear bright sky, a flat EMPTY open dirt ground area in the foreground center kept completely empty and calm (do NOT draw any person or character there), bright cheerful colors, soft rounded shapes, no text or logos, 4:3 landscape",vehicle;work;machine;tone:cute-flat
rocketlaunch,vehicle,ロケットはっしゃ,Rocket Launch,240,false,image,bg_rocketlaunch.png,"Cinematic semi-realistic illustration of a dramatic rocket launch at dawn, dynamic energetic composition with bold diagonal lines, dramatic sweeping perspective and a strong sense of motion and action happening on the sides and in the sky, dramatic dynamic lighting, a tall rocket blasting off to the upper right trailing brilliant fire and billowing smoke clouds, glowing exhaust and sparks sweeping diagonally, distant launch towers on the sides, a dramatic colorful sky, a flat EMPTY open launch-pad ground in the foreground center kept empty and mid-bright, not dark (do NOT draw any person or character there), rich dynamic lighting, no text or logos, 4:3 landscape",vehicle;space;cinematic;tone:semi-real-cinematic
bullettrain,vehicle,しんかんせん,Bullet Train,220,false,image,bg_bullettrain.png,"Cinematic semi-realistic illustration of a sleek high-speed bullet train rushing past at great speed, dynamic energetic composition with bold diagonal lines, dramatic sweeping perspective and a strong sense of motion and action happening on the sides and in the sky, dramatic dynamic lighting, the train streaking diagonally across the right with motion blur and speed streaks, distant Mt-Fuji-like mountain and blurred scenery whooshing by, a bright sky, a flat EMPTY open platform ground in the foreground center kept empty and mid-bright (do NOT draw any person or character there), dynamic lighting, no text or logos, 4:3 landscape",vehicle;train;speed;cinematic;tone:semi-real-cinematic
fireengine,vehicle,しょうぼうたい,Fire Engine,200,false,image,bg_fireengine.png,"Soft flat children's illustration of cheerful fire engines rushing to the rescue, dynamic energetic composition with bold diagonal lines, dramatic sweeping perspective and a strong sense of motion and action happening on the sides and in the sky, dramatic dynamic lighting, a red fire truck and a ladder truck speeding in from the left and right with spinning lights and arcing water spray and motion lines, a town street and bright sky, a flat EMPTY open road area in the foreground center kept completely empty and calm (do NOT draw any person or character there), bright friendly colors, soft rounded shapes, no text or logos, 4:3 landscape",vehicle;rescue;work;tone:cute-flat
portcranes,vehicle,みなとのクレーン,Port Cranes,200,false,image,bg_portcranes.png,"Soft flat children's illustration of a busy cargo port, dynamic energetic composition with bold diagonal lines, dramatic sweeping perspective and a strong sense of motion and action happening on the sides and in the sky, dramatic dynamic lighting, towering gantry cranes swinging and lifting colorful stacked containers and a big container ship on the left and right, seagulls and drifting clouds, sparkling blue water, a flat EMPTY open quay ground in the foreground center kept completely empty and calm (do NOT draw any person or character there), bright cheerful colors, soft rounded shapes, no text or logos, 4:3 landscape",vehicle;sea;work;tone:cute-flat
wildsavanna,nature,サバンナ,Wild Savanna,240,false,image,bg_wildsavanna.png,"Cinematic semi-realistic illustration of a vast African savanna at golden hour, dynamic energetic composition with bold diagonal lines, dramatic sweeping perspective and a strong sense of motion and action happening on the sides and in the sky, dramatic dynamic lighting, a herd of elephants, giraffes and gazelles galloping across the sides kicking up sweeping clouds of dust, dramatic low sun and long shadows, acacia trees in silhouette, a flat EMPTY open grassland area in the foreground center kept empty and mid-bright (do NOT draw any person or character there), warm dynamic golden lighting, no text or logos, 4:3 landscape",nature;animal;savanna;cinematic;tone:semi-real-cinematic
polarnight,nature,きょくほくのうみ,Arctic Night,220,false,image,bg_polarnight.png,"Soft flat children's illustration of a magical arctic seascape at night, dynamic energetic composition with bold diagonal lines, dramatic sweeping perspective and a strong sense of motion and action happening on the sides and in the sky, dramatic dynamic lighting, vivid green and purple aurora swirling dynamically across the sky, a cute polar bear on a cracking ice floe and penguins sliding on the left and right, drifting icebergs and snow flurries, a flat EMPTY open snowy ice area in the foreground center kept empty and mid-bright, not dark (do NOT draw any person or character there), dreamy icy colors, soft rounded shapes, no text or logos, 4:3 landscape",nature;animal;winter;night;tone:cute-flat
rainforest,nature,ねったいうりん,Rainforest,220,false,image,bg_rainforest.png,"Soft flat children's illustration of a lush vibrant rainforest, dynamic energetic composition with bold diagonal lines, dramatic sweeping perspective and a strong sense of motion and action happening on the sides and in the sky, dramatic dynamic lighting, colorful parrots and toucans bursting into flight and a monkey swinging on vines and a tall waterfall cascading on the left and right, big dripping leaves and sunbeams, a flat EMPTY open mossy ground area in the foreground center kept completely empty and calm (do NOT draw any person or character there), vivid lush greens and bright tropical colors, soft rounded shapes, no text or logos, 4:3 landscape",nature;animal;jungle;tone:cute-flat
flamingolake,nature,フラミンゴのみずうみ,Flamingo Lake,200,false,image,bg_flamingolake.png,"Soft flat children's illustration of a pink flamingo lake at sunset, dynamic energetic composition with bold diagonal lines, dramatic sweeping perspective and a strong sense of motion and action happening on the sides and in the sky, dramatic dynamic lighting, a big flock of flamingos taking off in a sweeping diagonal sweep across the sky and wading along the left and right shores, rippling water reflections and reeds, a soft glowing sky, a flat EMPTY open lakeside area in the foreground center kept empty and mid-bright (do NOT draw any person or character there), warm pink and teal pastel colors, soft rounded shapes, no text or logos, 4:3 landscape",nature;animal;water;tone:cute-flat
dinoplains,nature,きょうりゅうのへいげん,Dinosaur Plains,240,false,image,bg_dinoplains.png,"Soft flat children's illustration of a prehistoric plain full of friendly dinosaurs, dynamic energetic composition with bold diagonal lines, dramatic sweeping perspective and a strong sense of motion and action happening on the sides and in the sky, dramatic dynamic lighting, a long-necked brachiosaurus stretching up and a triceratops striding and pterosaurs wheeling across the sky on the left and right, ferns, volcanoes far in the back, a flat EMPTY open grassy ground area in the foreground center kept completely empty and calm (do NOT draw any person or character there), bright cheerful colors, soft rounded shapes, no text or logos, 4:3 landscape",nature;dinosaur;adventure;tone:cute-flat
volcanoera,nature,かざんじだい,Volcano Era,240,false,image,bg_volcanoera.png,"Cinematic semi-realistic illustration of a dramatic prehistoric volcanic landscape, dynamic energetic composition with bold diagonal lines, dramatic sweeping perspective and a strong sense of motion and action happening on the sides and in the sky, dramatic dynamic lighting, an erupting volcano spewing glowing lava and billowing ash clouds on the right, pterosaur silhouettes wheeling against a fiery orange sky, distant dinosaur silhouettes and steaming rivers of lava on the sides, a flat EMPTY open rocky ground area in the foreground center kept empty and mid-bright, not dark (do NOT draw any person or character there), dramatic dynamic fiery lighting, no text or logos, 4:3 landscape",nature;dinosaur;volcano;cinematic;tone:semi-real-cinematic
ancientsea,nature,おおむかしのうみ,Ancient Sea,220,false,image,bg_ancientsea.png,"Soft flat children's illustration of a prehistoric underwater sea, dynamic energetic composition with bold diagonal lines, dramatic sweeping perspective and a strong sense of motion and action happening on the sides and in the sky, dramatic dynamic lighting, a long-necked plesiosaur gliding and swirling schools of ammonites and a friendly cartoon sea reptile darting on the left and right, dynamic rays of sunlight and rising bubbles, ancient corals at the edges, a flat EMPTY open sandy seabed in the foreground center kept empty and mid-bright (do NOT draw any person or character there), dreamy teal and aqua colors, soft rounded shapes, no text or logos, 4:3 landscape",nature;dinosaur;sea;underwater;tone:cute-flat
iceagemammoth,nature,ひょうがき,Ice Age,220,false,image,bg_iceagemammoth.png,"Soft flat children's illustration of an ice age snowy tundra, dynamic energetic composition with bold diagonal lines, dramatic sweeping perspective and a strong sense of motion and action happening on the sides and in the sky, dramatic dynamic lighting, woolly mammoths marching with swinging trunks and a saber-tooth cat leaping and birds scattering on the left and right, blowing snow and motion lines, jagged glaciers and a pale sky, a flat EMPTY open snowfield area in the foreground center kept completely empty and calm (do NOT draw any person or character there), cool blue and white pastel colors, soft rounded shapes, no text or logos, 4:3 landscape",nature;animal;winter;ancient;tone:cute-flat
pteranodonsky,nature,そらとぶよくりゅう,Flying Reptiles,240,false,image,bg_pteranodonsky.png,"Cinematic semi-realistic illustration of a dramatic prehistoric sky, dynamic energetic composition with bold diagonal lines, dramatic sweeping perspective and a strong sense of motion and action happening on the sides and in the sky, dramatic dynamic lighting, a flock of pteranodons soaring and diving in a sweeping diagonal across towering cloud canyons and sea cliffs on the sides, dramatic sunbeams breaking through clouds, a vast ocean far below, a flat EMPTY open rocky cliff ledge in the foreground center kept empty and mid-bright (do NOT draw any person or character there), dynamic cinematic lighting, no text or logos, 4:3 landscape",nature;dinosaur;sky;cinematic;tone:semi-real-cinematic
voxelreef,fantasy,ボクセルのサンゴしょう,Voxel Reef,220,false,image,bg_voxelreef.png,"Voxel art, blocky cubes, Minecraft-like underwater coral reef, EYE-LEVEL viewpoint, dynamic energetic composition with schools of blocky cube fish streaming diagonally and swaying cube seaweed and bright cube coral towers on the left and right, cube light shafts and rising cube bubbles, a flat EMPTY open flat sand-block plaza in the foreground center kept empty and mid-bright (do NOT draw any person or character there), bright vivid blocky colors, no text or logos, 4:3 landscape",fantasy;voxel;sea;underwater;tone:voxel
voxelpirate,fantasy,ボクセルのかいぞくせん,Voxel Pirates,220,false,image,bg_voxelpirate.png,"Voxel art, blocky cubes, Minecraft-like pirate cove, EYE-LEVEL ground-level viewpoint, dynamic energetic composition with a big blocky cube sailing ship cutting through choppy cube waves on the left and a cube treasure chest and palm and rocks on the right, cube seagulls and splashing cube spray, a bright cube sky, a flat EMPTY open flat sand-block beach in the foreground center kept completely empty and calm (do NOT draw any person or character there), bright adventurous blocky colors, no text or logos, 4:3 landscape",fantasy;voxel;pirate;sea;tone:voxel
voxeldragon,fantasy,ボクセルのドラゴンのたに,Voxel Dragon,240,false,image,bg_voxeldragon.png,"Voxel art, blocky cubes, Minecraft-like dragon valley, EYE-LEVEL viewpoint, dynamic energetic composition with a big blocky cube dragon banking and swooping across the sky to the upper right breathing a cube fire trail, tall cube rock pillars and a cube waterfall on the sides, drifting cube clouds, a flat EMPTY open flat stone-block plaza in the foreground center kept completely empty and calm (do NOT draw any person or character there), bright bold blocky colors, no text or logos, 4:3 landscape",fantasy;voxel;dragon;adventure;tone:voxel
voxelaurora,fantasy,ボクセルのオーロラ,Voxel Aurora,220,false,image,bg_voxelaurora.png,"Voxel art, blocky cubes, Minecraft-like snowy mountains at night, EYE-LEVEL viewpoint, dynamic energetic composition with sweeping blocky cube aurora ribbons rippling across the sky in green and purple, cube pine trees and snowy cube peaks on the left and right, falling cube snowflakes and twinkling cube stars, a flat EMPTY open flat snow-block plaza in the foreground center kept empty and mid-bright, not dark (do NOT draw any person or character there), bright icy blocky colors, no text or logos, 4:3 landscape",fantasy;voxel;winter;night;tone:voxel
hauntedcastle,fantasy,おばけのおしろ,Haunted Castle,240,false,image,bg_hauntedcastle.png,"Cinematic semi-realistic illustration of a spooky gothic haunted castle on a hill at night, cute and friendly spooky, playful Halloween mood, NOT gory, NOT bloody, not truly frightening, kid-friendly, original generic design (no specific brand or franchise character), a tall pointy-towered castle set to the right silhouetted against a huge full moon, bats fluttering across the sky, drifting fog and gnarled bare trees and a winding path on the sides, a few glowing windows, a flat EMPTY open foggy ground in the foreground center kept empty and mid-bright, not pitch dark (do NOT draw any person or character there), moody purple and blue moonlit lighting, no text or logos, 4:3 landscape",fantasy;horror;halloween;night;cinematic;tone:semi-real-cinematic
spookygraveyard,fantasy,おばけのはかば,Spooky Graveyard,220,false,image,bg_spookygraveyard.png,"Soft flat children's illustration of a cute spooky graveyard at night, cute and friendly spooky, playful Halloween mood, NOT gory, NOT bloody, not truly frightening, kid-friendly, original generic design (no specific brand or franchise character), friendly round cartoon ghosts floating and crooked tombstones and grinning jack-o-lantern pumpkins and a little black cat on the left and right, a big moon and a few bats, a flat EMPTY open misty grass area in the foreground center kept empty and mid-bright (do NOT draw any person or character there), playful purple and teal colors, soft rounded shapes, no text or logos, 4:3 landscape",fantasy;horror;halloween;ghost;tone:cute-flat
witchcottage,fantasy,まじょのいえ,Witch Cottage,220,false,image,bg_witchcottage.png,"Soft flat children's illustration of a cozy witch's cottage in a spooky wood, cute and friendly spooky, playful Halloween mood, NOT gory, NOT bloody, not truly frightening, kid-friendly, original generic design (no specific brand or franchise character), a crooked cottage with a smoking chimney and a bubbling green cauldron and shelves of potion bottles and a flying broom and a black cat on the left and right, a crescent moon and floating sparkles, a flat EMPTY open ground area in the foreground center kept completely empty (do NOT draw any person or character there), playful purple green and orange colors, soft rounded shapes, no text or logos, 4:3 landscape",fantasy;horror;halloween;witch;tone:cute-flat
monsterlab,fantasy,かいぶつラボ,Monster Lab,220,false,image,bg_monsterlab.png,"Soft flat children's illustration of a goofy monster mad-science laboratory, cute and friendly spooky, playful Halloween mood, NOT gory, NOT bloody, not truly frightening, kid-friendly, original generic design (no specific brand or franchise character), bubbling colorful potions in flasks and a big sparking electric coil and gears and a friendly stitched green monster peeking from the side on the left and right shelves, crackling cartoon lightning bolts, a flat EMPTY open floor area in the foreground center kept completely empty (do NOT draw any person or character there), playful green purple and yellow colors, soft rounded shapes, no text or logos, 4:3 landscape",fantasy;horror;halloween;science;tone:cute-flat
werewolfwoods,fantasy,まんげつのもり,Full Moon Woods,240,false,image,bg_werewolfwoods.png,"Cinematic semi-realistic illustration of an eerie forest under a huge full moon, cute and friendly spooky, playful Halloween mood, NOT gory, NOT bloody, not truly frightening, kid-friendly, original generic design (no specific brand or franchise character), twisted tall trees framing the left and right, a distant friendly werewolf-like beast silhouette on a far ridge and a few pairs of glowing eyes peeking from the bushes, drifting fog and fireflies, a flat EMPTY open misty clearing in the foreground center kept empty and mid-bright, not pitch dark (do NOT draw any person or character there), moody blue moonlit lighting, no text or logos, 4:3 landscape",fantasy;horror;halloween;night;cinematic;tone:semi-real-cinematic
cursedtomb,fantasy,のろいのいせき,Cursed Tomb,240,false,image,bg_cursedtomb.png,"Cinematic semi-realistic illustration of a spooky ancient tomb interior, cute and friendly spooky, playful Halloween mood, NOT gory, NOT bloody, not truly frightening, kid-friendly, original generic design (no specific brand or franchise character), a friendly cartoon mummy peeking from an upright sarcophagus and glowing teal hieroglyphs and flickering torches and cobwebs and scarab carvings on the left and right walls, dust motes in the air, a flat EMPTY open stone floor passage in the foreground center kept empty and mid-bright, not pitch dark (do NOT draw any person or character there), moody amber and teal lighting, no text or logos, 4:3 landscape",fantasy;horror;halloween;ancient;cinematic;tone:semi-real-cinematic
swampmonster,fantasy,ぬまのモンスター,Swamp Monster,200,false,image,bg_swampmonster.png,"Soft flat children's illustration of a misty spooky swamp at dusk, cute and friendly spooky, playful Halloween mood, NOT gory, NOT bloody, not truly frightening, kid-friendly, original generic design (no specific brand or franchise character), a chubby friendly green swamp monster peeking from the reeds on the left and gnarled mangrove trees with hanging moss and glowing fireflies and lily pads on the right, a pale moon and drifting fog, a flat EMPTY open boggy bank in the foreground center kept empty and mid-bright (do NOT draw any person or character there), muted green teal and purple colors, soft rounded shapes, no text or logos, 4:3 landscape",fantasy;horror;halloween;nature;tone:cute-flat
foggyforest,fantasy,きりのもり,Foggy Forest,220,false,image,bg_foggyforest.png,"Cinematic semi-realistic illustration of a foggy eerie forest at night, cute and friendly spooky, playful Halloween mood, NOT gory, NOT bloody, not truly frightening, kid-friendly, original generic design (no specific brand or franchise character), twisted gnarled trees with reaching branches framing the left and right, thick drifting fog, a few pairs of soft glowing eyes and tiny will-o-the-wisp lights peeking between trunks, pale moonbeams cutting through, a flat EMPTY open misty path in the foreground center kept empty and mid-bright, not pitch dark (do NOT draw any person or character there), moody desaturated blue lighting, no text or logos, 4:3 landscape",fantasy;horror;halloween;night;cinematic;tone:semi-real-cinematic
yokaiparade,fantasy,ひゃっきやこう,Yokai Parade,240,false,image,bg_yokaiparade.png,"Soft flat children's illustration of a cheerful night parade of Japanese yokai (hyakki yagyo), cute and friendly spooky, playful Halloween mood, NOT gory, NOT bloody, not truly frightening, kid-friendly, original generic design (no specific brand or franchise character), friendly cartoon yokai like a one-eyed umbrella obake, a paper-lantern ghost, a little oni and a tanuki carrying glowing paper lanterns marching along the left and right of an old town street, a big moon and floating wisps, a flat EMPTY open road in the foreground center kept empty and mid-bright (do NOT draw any person or character there), playful indigo purple and warm lantern colors, soft rounded shapes, no text or logos, 4:3 landscape",fantasy;horror;japan;yokai;night;tone:cute-flat
kappapond,fantasy,かっぱのぬま,Kappa Pond,200,false,image,bg_kappapond.png,"Soft flat children's illustration of a quiet dusk pond where a kappa lives, cute and friendly spooky, playful Halloween mood, NOT gory, NOT bloody, not truly frightening, kid-friendly, original generic design (no specific brand or franchise character), a cute green cartoon kappa with a dish on its head peeking from the reeds on the left and lily pads and cucumbers and an old stone lantern on the right, a misty pond and a pale moon, a flat EMPTY open grassy bank in the foreground center kept empty and mid-bright (do NOT draw any person or character there), muted green teal and purple dusk colors, soft rounded shapes, no text or logos, 4:3 landscape",fantasy;horror;japan;yokai;water;tone:cute-flat
hauntedshrine,fantasy,おばけじんじゃ,Haunted Shrine,240,false,image,bg_hauntedshrine.png,"Cinematic semi-realistic illustration of an abandoned haunted Japanese shrine at night, cute and friendly spooky, playful Halloween mood, NOT gory, NOT bloody, not truly frightening, kid-friendly, original generic design (no specific brand or franchise character), a leaning weathered torii gate and mossy stone lanterns and floating blue kitsune-bi foxfire flames and drifting fog and bare maple branches on the left and right, a pale moon, a flat EMPTY open stone approach path in the foreground center kept empty and mid-bright, not pitch dark (do NOT draw any person or character there), moody indigo and teal moonlit lighting, no text or logos, 4:3 landscape",fantasy;horror;japan;yokai;night;cinematic;tone:semi-real-cinematic
oninoyama,fantasy,おにのやま,Ogre Mountain,220,false,image,bg_oninoyama.png,"Soft flat children's illustration of a spooky ogre (oni) mountain at dusk, cute and friendly spooky, playful Halloween mood, NOT gory, NOT bloody, not truly frightening, kid-friendly, original generic design (no specific brand or franchise character), a friendly chubby red oni with a club and a blue oni peeking from behind craggy rocks on the left and right, flaming braziers and twisted pines and a rope with paper streamers, a dramatic red-orange sky, a flat EMPTY open rocky ground in the foreground center kept empty and mid-bright (do NOT draw any person or character there), bold red orange and purple colors, soft rounded shapes, no text or logos, 4:3 landscape",fantasy;horror;japan;yokai;tone:cute-flat
lanternghosts,fantasy,ちょうちんおばけ,Lantern Ghosts,200,false,image,bg_lanternghosts.png,"Soft flat children's illustration of an old Japanese mansion garden at night with playful lantern ghosts, cute and friendly spooky, playful Halloween mood, NOT gory, NOT bloody, not truly frightening, kid-friendly, original generic design (no specific brand or franchise character), friendly one-eyed paper-lantern obake (chochin-obake) floating and a little umbrella ghost and cobwebs and a gnarled bare tree and a stone path lantern on the left and right, a big moon and floating wisps, a flat EMPTY open garden ground in the foreground center kept empty and mid-bright (do NOT draw any person or character there), playful indigo purple and warm glow colors, soft rounded shapes, no text or logos, 4:3 landscape",fantasy;horror;japan;yokai;night;tone:cute-flat
fujizakura,scenery,ふじとさくら,Mt Fuji & Sakura,260,false,image,bg_fujizakura.png,"premium high-quality cinematic semi-realistic illustration, richly detailed, beautiful dramatic lighting, majestic Mt Fuji with a snow cap in the distance behind rows of full-bloom cherry blossom trees framing the left and right, soft pink petals drifting in the air, a calm blue sky and gentle morning light, a flat EMPTY open calm area in the foreground center kept empty and mid-bright (do NOT draw any person or character there), no text or logos, no watermark, 4:3 landscape",scenery;japan;spring;cinematic;tone:semi-real-cinematic
kyotoautumn,scenery,きょうとのもみじ,Kyoto Autumn,260,false,image,bg_kyotoautumn.png,"premium high-quality cinematic semi-realistic illustration, richly detailed, beautiful dramatic lighting, a serene Kyoto temple scene in autumn, a vermilion pagoda and brilliant red and orange maple trees framing the left and right, a mossy stone garden and a small pond, warm golden afternoon light, a flat EMPTY open calm area in the foreground center kept empty and mid-bright (do NOT draw any person or character there), no text or logos, no watermark, 4:3 landscape",scenery;japan;autumn;cinematic;tone:semi-real-cinematic
snowonsen,scenery,ゆきみおんせん,Snow Hot Spring,260,false,image,bg_snowonsen.png,"premium high-quality cinematic semi-realistic illustration, richly detailed, beautiful dramatic lighting, a tranquil snowy Japanese open-air hot spring (onsen) at dusk, steaming turquoise water surrounded by snow-capped rocks, a few cute snow monkeys relaxing on the left and right rocks, soft falling snow and warm lantern glow, a flat EMPTY open calm area in the foreground center kept empty and mid-bright (do NOT draw any person or character there), no text or logos, no watermark, 4:3 landscape",scenery;japan;winter;animal;cinematic;tone:semi-real-cinematic
terracedrice,scenery,たなだのゆうぐれ,Terraced Rice,240,false,image,bg_terracedrice.png,"premium high-quality cinematic semi-realistic illustration, richly detailed, beautiful dramatic lighting, beautiful Japanese terraced rice paddies at sunset, mirror-like flooded terraces glowing gold and pink reflecting the sky, rolling hillsides on the left and right, a dramatic warm sunset sky, a flat EMPTY open calm area in the foreground center kept empty and mid-bright (do NOT draw any person or character there), no text or logos, no watermark, 4:3 landscape",scenery;japan;sunset;cinematic;tone:semi-real-cinematic
shirakawa,scenery,ゆきのむら,Snow Village,260,false,image,bg_shirakawa.png,"premium high-quality cinematic semi-realistic illustration, richly detailed, beautiful dramatic lighting, a magical snow-covered Japanese mountain village of steep thatched-roof gassho houses glowing with warm window light on the left and right, deep snow and snowy fir trees and distant peaks, a soft blue twilight sky with first stars, a flat EMPTY open calm area in the foreground center kept empty and mid-bright (do NOT draw any person or character there), no text or logos, no watermark, 4:3 landscape",scenery;japan;winter;night;cinematic;tone:semi-real-cinematic
galaxystation,space,ぎんがステーション,Galaxy Station,260,false,image,bg_galaxystation.png,"premium high-quality cinematic semi-realistic illustration, richly detailed, beautiful dramatic lighting, a grand futuristic space station orbiting above a colorful nebula, sleek ring modules and docked spaceships and glowing lights on the left and right, distant planets and a sweeping starfield, a flat EMPTY open calm area in the foreground center kept empty and mid-bright (do NOT draw any person or character there), no text or logos, no watermark, 4:3 landscape",space;scifi;cinematic;tone:semi-real-cinematic
marsbase,space,かせいきち,Mars Base,260,false,image,bg_marsbase.png,"premium high-quality cinematic semi-realistic illustration, richly detailed, beautiful dramatic lighting, a futuristic Mars colony base, glass-domed habitats and solar panels and a parked rover and red rocky cliffs on the left and right, a dusty red-orange Martian sky with two small moons, a flat EMPTY open calm area in the foreground center kept empty and mid-bright (do NOT draw any person or character there), no text or logos, no watermark, 4:3 landscape",space;scifi;cinematic;tone:semi-real-cinematic
saturnview,space,どせいのわ,Saturn View,260,false,image,bg_saturnview.png,"premium high-quality cinematic semi-realistic illustration, richly detailed, beautiful dramatic lighting, a breathtaking view of giant ringed Saturn filling the sky, its glowing rings sweeping across, a few drifting asteroids and a distant moon on the left and right, a deep starry cosmos, a flat EMPTY open calm area in the foreground center kept empty and mid-bright (do NOT draw any person or character there), no text or logos, no watermark, 4:3 landscape",space;scifi;cinematic;tone:semi-real-cinematic
blackhole,space,ブラックホール,Black Hole,260,false,image,bg_blackhole.png,"premium high-quality cinematic semi-realistic illustration, richly detailed, beautiful dramatic lighting, a dramatic glowing black hole with a swirling bright accretion-disk ring set to the UPPER RIGHT of the frame, warped stars and colorful orange and blue nebula clouds framing the left and right edges, a flat EMPTY open softly-lit deep-space area in the foreground center kept empty and mid-bright with a faint starry glow (do NOT put the dark hole in the center, do NOT draw any person or character there), no text or logos, no watermark, 4:3 landscape",space;scifi;cinematic;tone:semi-real-cinematic
meteornight,space,りゅうせいぐん,Meteor Shower,240,false,image,bg_meteornight.png,"premium high-quality cinematic semi-realistic illustration, richly detailed, beautiful dramatic lighting, a magical meteor shower night, many shooting stars streaking diagonally across a vast starry sky and Milky Way, a small hill with a telescope and pine silhouettes on the left and right, a flat EMPTY open calm area in the foreground center kept empty and mid-bright (do NOT draw any person or character there), no text or logos, no watermark, 4:3 landscape",space;night;cinematic;tone:semi-real-cinematic
cockpit,job,コックピット,Cockpit,240,false,image,bg_cockpit.png,"premium high-quality cinematic semi-realistic illustration, richly detailed, beautiful dramatic lighting, the interior cockpit of an airliner at dawn, glowing instrument panels and controls along the left and right, big windscreen looking out over a sea of clouds and a golden sunrise, a flat EMPTY open calm area in the foreground center kept empty and mid-bright (do NOT draw any person or character there), no text or logos, no watermark, 4:3 landscape",job;vehicle;sky;cinematic;tone:semi-real-cinematic
hospital,job,びょういん,Hospital,220,false,image,bg_hospital.png,"soft flat children's illustration, premium high-quality, clean and adorable, a bright friendly children's hospital room, a cute medical cart and a tidy bed and a growth chart and potted plants and a big sunny window on the left and right, cheerful clean colors, a flat EMPTY open calm area in the foreground center kept empty and mid-bright (do NOT draw any person or character there), no text or logos, no watermark, 4:3 landscape",job;indoor;tone:cute-flat
patisserie,job,パティシエのちゅうぼう,Patisserie,220,false,image,bg_patisserie.png,"soft flat children's illustration, premium high-quality, clean and adorable, a charming pastry chef's kitchen, shelves of colorful cakes and macarons and a big oven and whisks and a cake stand on the left and right, warm bakery light, a flat EMPTY open calm area in the foreground center kept empty and mid-bright (do NOT draw any person or character there), no text or logos, no watermark, 4:3 landscape",job;indoor;food;tone:cute-flat
digsite,job,はっくつげんば,Dig Site,220,false,image,bg_digsite.png,"soft flat children's illustration, premium high-quality, clean and adorable, a fun paleontology dig site in a desert canyon, a half-excavated dinosaur fossil skeleton and a research tent and brushes and crates and a striped cliff on the left and right, a bright sky, a flat EMPTY open calm area in the foreground center kept empty and mid-bright (do NOT draw any person or character there), no text or logos, no watermark, 4:3 landscape",job;dinosaur;nature;tone:cute-flat
vetclinic,job,どうぶつびょういん,Vet Clinic,220,false,image,bg_vetclinic.png,"soft flat children's illustration, premium high-quality, clean and adorable, a cozy friendly animal clinic, a checkup table pushed to the LEFT with a cute puppy on it, and a kitten and a caged bird and shelves of pet supplies and a sunny window on the left and right sides, cheerful clean colors, a flat EMPTY open floor area in the foreground center kept completely empty (do NOT draw any animal, person or character in the center), no text or logos, no watermark, 4:3 landscape",job;indoor;animal;tone:cute-flat
catcafe,animal,ねこカフェ,Cat Cafe,220,false,image,bg_catcafe.png,"soft flat children's illustration, premium high-quality, clean and adorable, an adorable cozy kitten cafe, fluffy kittens lounging on a cat tower and cushions and a sunny bay window and hanging plants on the left and right, warm soft light, a flat EMPTY open calm area in the foreground center kept empty and mid-bright (do NOT draw any person or character there), no text or logos, no watermark, 4:3 landscape",animal;indoor;cute;tone:cute-flat
pandabamboo,animal,パンダのたけやぶ,Panda Grove,220,false,image,bg_pandabamboo.png,"soft flat children's illustration, premium high-quality, clean and adorable, a charming green bamboo grove with cute giant pandas munching bamboo and a panda cub rolling on the left and right, soft dappled sunlight and butterflies, a flat EMPTY open calm area in the foreground center kept empty and mid-bright (do NOT draw any person or character there), no text or logos, no watermark, 4:3 landscape",animal;nature;cute;tone:cute-flat
bunnyisland,animal,うさぎのしま,Bunny Island,220,false,image,bg_bunnyisland.png,"soft flat children's illustration, premium high-quality, clean and adorable, a sunny grassy bunny island, many cute fluffy rabbits hopping and nibbling clover among wildflowers on the left and right, a sparkling blue sea and gentle clouds, a flat EMPTY open calm area in the foreground center kept empty and mid-bright (do NOT draw any person or character there), no text or logos, no watermark, 4:3 landscape",animal;nature;cute;tone:cute-flat
penguinbeach,animal,ペンギンビーチ,Penguin Beach,220,false,image,bg_penguinbeach.png,"soft flat children's illustration, premium high-quality, clean and adorable, an adorable penguin beach, waddling cute penguins and a few chicks sliding on ice and gentle waves and small icebergs on the left and right, a bright clear sky, a flat EMPTY open calm area in the foreground center kept empty and mid-bright (do NOT draw any person or character there), no text or logos, no watermark, 4:3 landscape",animal;nature;cute;tone:cute-flat
puppyfarm,animal,こいぬのまきば,Puppy Meadow,220,false,image,bg_puppyfarm.png,"soft flat children's illustration, premium high-quality, clean and adorable, a joyful sunny puppy meadow, playful cute puppies romping near a little red barn and a wooden fence and flower patches on the left and right, rolling green hills and a bright sky, a flat EMPTY open calm area in the foreground center kept empty and mid-bright (do NOT draw any person or character there), no text or logos, no watermark, 4:3 landscape",animal;nature;cute;tone:cute-flat
